{
  "x": [
    [
      730.2983085755133
    ],
    [
      -160.03061021754195
    ]
  ],
  "P": [
    [
      75.38365313735562,
      38.611030446534265
    ],
    [
      38.61103044653427,
      44.38882581404585
    ]
  ],
  "timestamp": "2025-12-09T16:28:54.593607"
}