{
  "x": [
    [
      1440.0380637523176
    ],
    [
      503.50365152271524
    ]
  ],
  "P": [
    [
      75.38365313735562,
      38.611030446534265
    ],
    [
      38.61103044653427,
      44.38882581404585
    ]
  ],
  "timestamp": "2025-12-03T18:08:57.938787"
}