{
  "x": [
    [
      1153.6756756756756
    ],
    [
      521.5921216216217
    ]
  ],
  "P": [
    [
      90.99099099099095,
      45.04504504504503
    ],
    [
      45.045045045045015,
      279.77477477477476
    ]
  ],
  "timestamp": "2025-12-04T16:40:34.250123"
}