{
  "x": [
    [
      1112.8206423104236
    ],
    [
      688.6902469817722
    ]
  ],
  "P": [
    [
      82.48244298903177,
      56.90049711986111
    ],
    [
      56.90049711986114,
      99.9506825534601
    ]
  ],
  "timestamp": "2025-12-03T17:54:05.860171"
}